[
    { "lat": 28.6139, "lon": 77.2090, "city": "Delhi", "state": "Delhi", "date": "2023-09", "wet_anomaly": -3.93701 },
    { "lat": 19.0760, "lon": 72.8777, "city": "Mumbai", "state": "Maharashtra", "date": "2023-09", "wet_anomaly": 1.31234 },
    { "lat": 13.0827, "lon": 80.2707, "city": "Chennai", "state": "Tamil Nadu", "date": "2023-09", "wet_anomaly": 2.62467 },
    { "lat": 22.5726, "lon": 88.3639, "city": "Kolkata", "state": "West Bengal", "date": "2023-09", "wet_anomaly": -1.9685 },
    { "lat": 12.9716, "lon": 77.5946, "city": "Bengaluru", "state": "Karnataka", "date": "2023-09", "wet_anomaly": 3.60893 },
    { "lat": 26.8467, "lon": 80.9462, "city": "Lucknow", "state": "Uttar Pradesh", "date": "2023-09", "wet_anomaly": -1.31234 },
    { "lat": 23.0225, "lon": 72.5714, "city": "Ahmedabad", "state": "Gujarat", "date": "2023-09", "wet_anomaly": 0.65617 },
    { "lat": 17.3850, "lon": 78.4867, "city": "Hyderabad", "state": "Telangana", "date": "2023-09", "wet_anomaly": 1.9685 },
    { "lat": 21.1702, "lon": 72.8311, "city": "Surat", "state": "Gujarat", "date": "2023-09", "wet_anomaly": -0.32808 },
    { "lat": 11.0168, "lon": 76.9558, "city": "Coimbatore", "state": "Tamil Nadu", "date": "2023-09", "wet_anomaly": 4.2651 },
    { "lat": 26.9124, "lon": 75.7873, "city": "Jaipur", "state": "Rajasthan", "date": "2023-09", "wet_anomaly": -2.95276 },
    { "lat": 15.3173, "lon": 75.7139, "city": "Hubli", "state": "Karnataka", "date": "2023-09", "wet_anomaly": 2.95276 },
    { "lat": 25.5941, "lon": 85.1376, "city": "Patna", "state": "Bihar", "date": "2023-09", "wet_anomaly": -1.64042 },
    { "lat": 23.2599, "lon": 77.4126, "city": "Bhopal", "state": "Madhya Pradesh", "date": "2023-09", "wet_anomaly": 0.98425 },
    { "lat": 22.7196, "lon": 75.8577, "city": "Indore", "state": "Madhya Pradesh", "date": "2023-09", "wet_anomaly": 1.64042 },
    { "lat": 30.7333, "lon": 76.7794, "city": "Chandigarh", "state": "Punjab", "date": "2023-09", "wet_anomaly": -2.29659 },
    { "lat": 34.0837, "lon": 74.7973, "city": "Srinagar", "state": "Jammu and Kashmir", "date": "2023-09", "wet_anomaly": -4.92126 },
    { "lat": 32.7266, "lon": 74.8570, "city": "Jammu", "state": "Jammu and Kashmir", "date": "2023-09", "wet_anomaly": -2.62467 },
    { "lat": 27.1767, "lon": 78.0081, "city": "Agra", "state": "Uttar Pradesh", "date": "2023-09", "wet_anomaly": -0.98425 },
    { "lat": 20.2961, "lon": 85.8245, "city": "Bhubaneswar", "state": "Odisha", "date": "2023-09", "wet_anomaly": 2.29659 },
    { "lat": 25.3176, "lon": 82.9739, "city": "Varanasi", "state": "Uttar Pradesh", "date": "2023-09", "wet_anomaly": -0.65617 },
    { "lat": 10.8505, "lon": 76.2711, "city": "Palakkad", "state": "Kerala", "date": "2023-09", "wet_anomaly": 4.59318 },
    { "lat": 8.5241, "lon": 76.9366, "city": "Thiruvananthapuram", "state": "Kerala", "date": "2023-09", "wet_anomaly": 5.24935 },
    { "lat": 15.2993, "lon": 74.1240, "city": "Goa", "state": "Goa", "date": "2023-09", "wet_anomaly": 1.64042 },
    { "lat": 24.5854, "lon": 73.7125, "city": "Udaipur", "state": "Rajasthan", "date": "2023-09", "wet_anomaly": -1.9685 },
    { "lat": 18.5204, "lon": 73.8567, "city": "Pune", "state": "Maharashtra", "date": "2023-09", "wet_anomaly": 0.98425 },
    { "lat": 24.8887, "lon": 74.6269, "city": "Chittorgarh", "state": "Rajasthan", "date": "2023-09", "wet_anomaly": -1.64042 },
    { "lat": 26.1445, "lon": 91.7362, "city": "Guwahati", "state": "Assam", "date": "2023-09", "wet_anomaly": 3.28084 },
    { "lat": 23.8315, "lon": 91.2868, "city": "Agartala", "state": "Tripura", "date": "2023-09", "wet_anomaly": 2.95276 },
    { "lat": 27.1767, "lon": 78.0081, "city": "Agra", "state": "Uttar Pradesh", "date": "2023-09", "wet_anomaly": -0.98425 },
    { "lat": 27.8974, "lon": 78.0880, "city": "Aligarh", "state": "Uttar Pradesh", "date": "2023-09", "wet_anomaly": -0.98425 },
    { "lat": 25.4358, "lon": 81.8463, "city": "Allahabad", "state": "Uttar Pradesh", "date": "2023-09", "wet_anomaly": -0.98425 },
    { "lat": 26.4310, "lon": 82.1220, "city": "Ambedkar Nagar", "state": "Uttar Pradesh", "date": "2023-09", "wet_anomaly": -0.98425 },
    { "lat": 26.1542, "lon": 81.8147, "city": "Amethi", "state": "Uttar Pradesh", "date": "2023-09", "wet_anomaly": -0.98425 },
    { "lat": 28.9031, "lon": 78.4691, "city": "Amroha", "state": "Uttar Pradesh", "date": "2023-09", "wet_anomaly": -0.98425 },
    { "lat": 26.4632, "lon": 79.5119, "city": "Auraiya", "state": "Uttar Pradesh", "date": "2023-09", "wet_anomaly": -0.98425 },
    { "lat": 26.0726, "lon": 83.1859, "city": "Azamgarh", "state": "Uttar Pradesh", "date": "2023-09", "wet_anomaly": -0.98425 },
    { "lat": 28.0381, "lon": 79.1267, "city": "Badaun", "state": "Uttar Pradesh", "date": "2023-09", "wet_anomaly": -0.98425 },
    { "lat": 28.9446, "lon": 77.2197, "city": "Bagpat", "state": "Uttar Pradesh", "date": "2023-09", "wet_anomaly": -0.98425 },
    { "lat": 27.5743, "lon": 81.5958, "city": "Bahraich", "state": "Uttar Pradesh", "date": "2023-09", "wet_anomaly": -0.98425 },
    { "lat": 25.7586, "lon": 84.1480, "city": "Ballia", "state": "Uttar Pradesh", "date": "2023-09", "wet_anomaly": -0.98425 },
    { "lat": 27.4276, "lon": 82.1820, "city": "Balrampur", "state": "Uttar Pradesh", "date": "2023-09", "wet_anomaly": -0.98425 },
    { "lat": 25.4757, "lon": 80.3358, "city": "Banda", "state": "Uttar Pradesh", "date": "2023-09", "wet_anomaly": -0.98425 },
    { "lat": 26.9360, "lon": 81.1865, "city": "Barabanki", "state": "Uttar Pradesh", "date": "2023-09", "wet_anomaly": -0.98425 },
    { "lat": 28.3670, "lon": 79.4304, "city": "Bareilly", "state": "Uttar Pradesh", "date": "2023-09", "wet_anomaly": -0.98425 },
    { "lat": 26.8177, "lon": 82.7634, "city": "Basti", "state": "Uttar Pradesh", "date": "2023-09", "wet_anomaly": -0.98425 },
    { "lat": 29.3724, "lon": 78.1350, "city": "Bijnor", "state": "Uttar Pradesh", "date": "2023-09", "wet_anomaly": -0.98425 },
    { "lat": 28.4030, "lon": 77.8573, "city": "Bulandshahr", "state": "Uttar Pradesh", "date": "2023-09", "wet_anomaly": -0.98425 },
    { "lat": 25.2736, "lon": 83.2670, "city": "Chandauli", "state": "Uttar Pradesh", "date": "2023-09", "wet_anomaly": -0.98425 },
    { "lat": 25.2019, "lon": 80.9391, "city": "Chitrakoot", "state": "Uttar Pradesh", "date": "2023-09", "wet_anomaly": -0.98425 },
    { "lat": 26.5012, "lon": 83.7798, "city": "Deoria", "state": "Uttar Pradesh", "date": "2023-09", "wet_anomaly": -0.98425 },
    { "lat": 27.5594, "lon": 78.6720, "city": "Etah", "state": "Uttar Pradesh", "date": "2023-09", "wet_anomaly": -0.98425 },
    { "lat": 26.7779, "lon": 79.0210, "city": "Etawah", "state": "Uttar Pradesh", "date": "2023-09", "wet_anomaly": -0.98425 },
    { "lat": 26.7755, "lon": 82.1459, "city": "Faizabad", "state": "Uttar Pradesh", "date": "2023-09", "wet_anomaly": -0.98425 },
    { "lat": 27.3909, "lon": 79.5807, "city": "Farrukhabad", "state": "Uttar Pradesh", "date": "2023-09", "wet_anomaly": -0.98425 },
    { "lat": 25.9277, "lon": 80.8034, "city": "Fatehpur", "state": "Uttar Pradesh", "date": "2023-09", "wet_anomaly": -0.98425 },
    { "lat": 27.1591, "lon": 78.3949, "city": "Firozabad", "state": "Uttar Pradesh", "date": "2023-09", "wet_anomaly": -0.98425 },
    { "lat": 28.4595, "lon": 77.5046, "city": "Gautam Buddha Nagar", "state": "Uttar Pradesh", "date": "2023-09", "wet_anomaly": -0.98425 },
    { "lat": 28.6692, "lon": 77.4538, "city": "Ghaziabad", "state": "Uttar Pradesh", "date": "2023-09", "wet_anomaly": -0.98425 },
    { "lat": 25.5872, "lon": 83.5780, "city": "Ghazipur", "state": "Uttar Pradesh", "date": "2023-09", "wet_anomaly": -0.98425 },
    { "lat": 27.1330, "lon": 81.9634, "city": "Gonda", "state": "Uttar Pradesh", "date": "2023-09", "wet_anomaly": -0.98425 },
    { "lat": 26.7606, "lon": 83.3732, "city": "Gorakhpur", "state": "Uttar Pradesh", "date": "2023-09", "wet_anomaly": -0.98425 },
    { "lat": 25.9556, "lon": 80.1480, "city": "Hamirpur", "state": "Uttar Pradesh", "date": "2023-09", "wet_anomaly": -0.98425 },
    { "lat": 28.7306, "lon": 77.7812, "city": "Hapur", "state": "Uttar Pradesh", "date": "2023-09", "wet_anomaly": -0.98425 },
    { "lat": 27.3949, "lon": 80.1316, "city": "Hardoi", "state": "Uttar Pradesh", "date": "2023-09", "wet_anomaly": -0.98425 },
    { "lat": 27.5961, "lon": 78.0490, "city": "Hathras", "state": "Uttar Pradesh", "date": "2023-09", "wet_anomaly": -0.98425 },
    { "lat": 26.1451, "lon": 79.3597, "city": "Jalaun", "state": "Uttar Pradesh", "date": "2023-09", "wet_anomaly": -0.98425 },
    { "lat": 25.7461, "lon": 82.6835, "city": "Jaunpur", "state": "Uttar Pradesh", "date": "2023-09", "wet_anomaly": -0.98425 },
    { "lat": 25.4484, "lon": 78.5696, "city": "Jhansi", "state": "Uttar Pradesh", "date": "2023-09", "wet_anomaly": -0.98425 },
    { "lat": 27.0551, "lon": 79.9226, "city": "Kannauj", "state": "Uttar Pradesh", "date": "2023-09", "wet_anomaly": -0.98425 },
    { "lat": 26.4499, "lon": 80.3319, "city": "Kanpur Dehat", "state": "Uttar Pradesh", "date": "2023-09", "wet_anomaly": -0.98425 },
    { "lat": 26.4499, "lon": 80.3319, "city": "Kanpur Nagar", "state": "Uttar Pradesh", "date": "2023-09", "wet_anomaly": -0.98425 },
    { "lat": 27.8051, "lon": 78.6450, "city": "Kasganj", "state": "Uttar Pradesh", "date": "2023-09", "wet_anomaly": -0.98425 },
    { "lat": 25.3400, "lon": 81.3789, "city": "Kaushambi", "state": "Uttar Pradesh", "date": "2023-09", "wet_anomaly": -0.98425 },
    { "lat": 26.7397, "lon": 83.8879, "city": "Kushinagar", "state": "Uttar Pradesh", "date": "2023-09", "wet_anomaly": -0.98425 },
    { "lat": 27.9041, "lon": 80.7899, "city": "Lakhimpur Kheri", "state": "Uttar Pradesh", "date": "2023-09", "wet_anomaly": -0.98425 },
    { "lat": 24.6906, "lon": 78.4189, "city": "Lalitpur", "state": "Uttar Pradesh", "date": "2023-09", "wet_anomaly": -0.98425 },
    { "lat": 26.8467, "lon": 80.9462, "city": "Lucknow", "state": "Uttar Pradesh", "date": "2023-09", "wet_anomaly": -1.31234 },
    { "lat": 27.1467, "lon": 83.5581, "city": "Maharajganj", "state": "Uttar Pradesh", "date": "2023-09", "wet_anomaly": -0.98425 },
    { "lat": 25.2926, "lon": 79.8720, "city": "Mahoba", "state": "Uttar Pradesh", "date": "2023-09", "wet_anomaly": -0.98425 },
    { "lat": 27.0064, "lon": 79.4747, "city": "Mainpuri", "state": "Uttar Pradesh", "date": "2023-09", "wet_anomaly": -0.98425 },
    { "lat": 27.4924, "lon": 77.6737, "city": "Mathura", "state": "Uttar Pradesh", "date": "2023-09", "wet_anomaly": -0.98425 },
    { "lat": 25.9540, "lon": 83.5613, "city": "Mau", "state": "Uttar Pradesh", "date": "2023-09", "wet_anomaly": -0.98425 },
    { "lat": 28.9845, "lon": 77.7064, "city": "Meerut", "state": "Uttar Pradesh", "date": "2023-09", "wet_anomaly": -0.98425 },
    { "lat": 25.1337, "lon": 82.5644, "city": "Mirzapur", "state": "Uttar Pradesh", "date": "2023-09", "wet_anomaly": -0.98425 },
    { "lat": 28.8386, "lon": 78.7733, "city": "Moradabad", "state": "Uttar Pradesh", "date": "2023-09", "wet_anomaly": -0.98425 },
    { "lat": 29.4727, "lon": 77.7085, "city": "Muzaffarnagar", "state": "Uttar Pradesh", "date": "2023-09", "wet_anomaly": -0.98425 },
    { "lat": 28.6312, "lon": 79.8044, "city": "Pilibhit", "state": "Uttar Pradesh", "date": "2023-09", "wet_anomaly": -0.98425 },
    { "lat": 25.9177, "lon": 81.9807, "city": "Pratapgarh", "state": "Uttar Pradesh", "date": "2023-09", "wet_anomaly": -0.98425 },
    { "lat": 26.2370, "lon": 81.2330, "city": "Rae Bareli", "state": "Uttar Pradesh", "date": "2023-09", "wet_anomaly": -0.98425 },
    { "lat": 28.7983, "lon": 79.0257, "city": "Rampur", "state": "Uttar Pradesh", "date": "2023-09", "wet_anomaly": -0.98425 },
    { "lat": 29.9640, "lon": 77.5464, "city": "Saharanpur", "state": "Uttar Pradesh", "date": "2023-09", "wet_anomaly": -0.98425 },
    { "lat": 26.7870, "lon": 83.0666, "city": "Sant Kabir Nagar", "state": "Uttar Pradesh", "date": "2023-09", "wet_anomaly": -0.98425 },
    { "lat": 25.3191, "lon": 82.4193, "city": "Sant Ravidas Nagar", "state": "Uttar Pradesh", "date": "2023-09", "wet_anomaly": -0.98425 },
    { "lat": 28.5836, "lon": 78.5661, "city": "Sambhal", "state": "Uttar Pradesh", "date": "2023-09", "wet_anomaly": -0.98425 },
    { "lat": 27.8815, "lon": 79.9091, "city": "Shahjahanpur", "state": "Uttar Pradesh", "date": "2023-09", "wet_anomaly": -0.98425 },
    { "lat": 29.4499, "lon": 77.3127, "city": "Shamli", "state": "Uttar Pradesh", "date": "2023-09", "wet_anomaly": -0.98425 },
    { "lat": 27.9122, "lon": 81.9367, "city": "Shravasti", "state": "Uttar Pradesh", "date": "2023-09", "wet_anomaly": -0.98425 },
    { "lat": 27.2806, "lon": 82.9541, "city": "Siddharthnagar", "state": "Uttar Pradesh", "date": "2023-09", "wet_anomaly": -0.98425 },
    { "lat": 27.5706, "lon": 80.6851, "city": "Sitapur", "state": "Uttar Pradesh", "date": "2023-09", "wet_anomaly": -0.98425 },
    { "lat": 24.6879, "lon": 83.0682, "city": "Sonbhadra", "state": "Uttar Pradesh", "date": "2023-09", "wet_anomaly": -0.98425 },
    { "lat": 26.2648, "lon": 82.0727, "city": "Sultanpur", "state": "Uttar Pradesh", "date": "2023-09", "wet_anomaly": -0.98425 },
    { "lat": 26.5471, "lon": 80.4877, "city": "Unnao", "state": "Uttar Pradesh", "date": "2023-09", "wet_anomaly": -0.98425 },
    { "lat": 25.3176, "lon": 82.9739, "city": "Varanasi", "state": "Uttar Pradesh", "date": "2023-09", "wet_anomaly": -0.65617 }
]
