[
{"location":"uttar ","prediction":"Low Water Presence","humidity":31,"time":"2025-04-29T17:30:11.846Z"},
{"location":"kasganj","prediction":"Low Water Presence","humidity":24,"time":"2025-04-29T17:30:29.367Z"},
{"location":"sahawar","prediction":"Low Water Presence","humidity":24,"time":"2025-04-29T17:30:44.328Z"},
{"location":"sahawar","prediction":"Low Water Presence","humidity":24,"time":"2025-04-29T17:30:47.003Z"},
{"location":"banaras","prediction":"Low Water Presence","humidity":37,"time":"2025-04-29T17:30:56.141Z"},
{"location":"dholna","prediction":"Low Water Presence","humidity":60,"time":"2025-04-29T17:31:21.963Z"},
{"location":"dholana","prediction":"Low Water Presence","humidity":15,"time":"2025-04-29T17:31:46.191Z"},
{"location":"etah","prediction":"Low Water Presence","humidity":24,"time":"2025-04-29T17:31:57.492Z"},
{"location":"prayag","prediction":"Low Water Presence","humidity":46,"time":"2025-04-29T17:33:13.232Z"},
{"location":"prayagraj","prediction":"Low Water Presence","humidity":33,"time":"2025-04-29T17:33:21.333Z"},
{"location":"mumbai","prediction":"High Water Presence","humidity":72,"time":"2025-04-29T17:33:33.149Z"},
{"location":"kasganj","prediction":"Low Water Presence","humidity":24,"time":"2025-04-29T17:52:35.934Z"},
{"location":"kasganj","prediction":"Low Water Presence","humidity":24,"time":"2025-04-29T17:54:07.631Z"},
{"location":"dholna","prediction":"Low Water Presence","humidity":60,"time":"2025-04-29T17:54:35.481Z"},
{"location":"kota","prediction":"Low Water Presence","humidity":12,"time":"2025-04-29T17:54:57.327Z"},
{"location":"kasganj","prediction":"Low Water Presence","humidity":24,"time":"2025-04-29T18:01:05.768Z"},
{"location":"kasganj","prediction":"Low Water Presence","humidity":24,"time":"2025-04-29T18:15:27.609Z"},
{"location":"ganj dundwara","prediction":"Low Water Presence","humidity":24,"time":"2025-04-29T18:16:11.581Z"},
{"location":"kasganj","prediction":"Low Water Presence","humidity":30,"time":"2025-04-29T18:28:59.539Z"},
{"location":"kasganj","prediction":"Low Water Presence","humidity":22,"time":"2025-04-30T06:24:44.103Z"},
{"location":"kasganj","prediction":"Low Water Presence","humidity":22,"time":"2025-04-30T06:24:45.013Z"},
{"location":"pilibhit","prediction":"Low Water Presence","humidity":22,"time":"2025-04-30T06:44:26.641Z"},
{"location":"kasganj","prediction":"Low Water Presence","humidity":19,"time":"2025-04-30T08:56:18.678Z"},
{"location":"kasganj","prediction":"Low Water Presence","humidity":19,"time":"2025-04-30T08:56:20.576Z"},
{"location":"varanasi","prediction":"Low Water Presence","humidity":19,"time":"2025-04-30T08:57:11.581Z"},
{"location":"varanasi","prediction":"Low Water Presence","humidity":19,"time":"2025-04-30T08:57:12.501Z"},
{"location":"delhi","prediction":"Low Water Presence","humidity":20,"time":"2025-05-01T16:08:57.274Z"},
{"location":"delhi","prediction":"Low Water Presence","humidity":20,"time":"2025-05-01T16:08:58.051Z"},
{"location":"mainpuri","prediction":"Low Water Presence","humidity":23,"time":"2025-05-01T16:15:39.914Z"}
]{"location":"kasganj","prediction":"Low Water Presence","humidity":27,"time":"2025-05-13T14:50:56.871Z"},
